<?xml version="1.0" encoding="UTF-8"?>  
<beans
xmlns="http://www.springframework.org/schema/beans"
xmlns:xsi="http://www.w3.org/2001/XMLSchema-instance"
xmlns:p="http://www.springframework.org/schema/p"
xsi:schemaLocation="http://www.springframework.org/schema/beans
http://www.springframework.org/schema/beans/spring-beans-3.0.xsd">  
	  
<bean id="studentbean" class="concept.Student">  
<constructor-arg value="Pawan Rawat" type="String"></constructor-arg>
<constructor-arg>
<map>
<entry key="advance" value="java"></entry>
<entry key="medium" value="python"></entry>
<entry key="primary" value="c/c++"></entry> 
</map>

</constructor-arg>  
</bean>  
	  
</beans>  
